{"initial_reset_timestamp": 1606634035.8254256, "timestamps": [1606634103.4297082], "episode_lengths": [1636], "episode_rewards": [21.0], "episode_types": ["t"]}